[{"model": "admin.logentry", "pk": 1, "fields": {"action_time": "2023-12-12T23:04:03.029Z", "user": "admin", "content_type": 6, "object_id": "Sam95", "object_repr": "Sam95", "action_flag": 1, "change_message": "[{\"added\": {}}]"}}, {"model": "admin.logentry", "pk": 2, "fields": {"action_time": "2023-12-12T23:24:52.761Z", "user": "admin", "content_type": 9, "object_id": "Allegria Pizza House", "object_repr": "Allegria Pizza House", "action_flag": 1, "change_message": "[{\"added\": {}}]"}}, {"model": "admin.logentry", "pk": 3, "fields": {"action_time": "2023-12-12T23:25:48.649Z", "user": "admin", "content_type": 9, "object_id": "La scelta italiana", "object_repr": "La scelta italiana", "action_flag": 1, "change_message": "[{\"added\": {}}]"}}, {"model": "admin.logentry", "pk": 4, "fields": {"action_time": "2023-12-12T23:26:39.862Z", "user": "admin", "content_type": 9, "object_id": "Mondotea", "object_repr": "Mondotea", "action_flag": 1, "change_message": "[{\"added\": {}}]"}}, {"model": "auth.permission", "pk": 1, "fields": {"name": "Can add log entry", "content_type": 1, "codename": "add_logentry"}}, {"model": "auth.permission", "pk": 2, "fields": {"name": "Can change log entry", "content_type": 1, "codename": "change_logentry"}}, {"model": "auth.permission", "pk": 3, "fields": {"name": "Can delete log entry", "content_type": 1, "codename": "delete_logentry"}}, {"model": "auth.permission", "pk": 4, "fields": {"name": "Can view log entry", "content_type": 1, "codename": "view_logentry"}}, {"model": "auth.permission", "pk": 5, "fields": {"name": "Can add permission", "content_type": 2, "codename": "add_permission"}}, {"model": "auth.permission", "pk": 6, "fields": {"name": "Can change permission", "content_type": 2, "codename": "change_permission"}}, {"model": "auth.permission", "pk": 7, "fields": {"name": "Can delete permission", "content_type": 2, "codename": "delete_permission"}}, {"model": "auth.permission", "pk": 8, "fields": {"name": "Can view permission", "content_type": 2, "codename": "view_permission"}}, {"model": "auth.permission", "pk": 9, "fields": {"name": "Can add group", "content_type": 3, "codename": "add_group"}}, {"model": "auth.permission", "pk": 10, "fields": {"name": "Can change group", "content_type": 3, "codename": "change_group"}}, {"model": "auth.permission", "pk": 11, "fields": {"name": "Can delete group", "content_type": 3, "codename": "delete_group"}}, {"model": "auth.permission", "pk": 12, "fields": {"name": "Can view group", "content_type": 3, "codename": "view_group"}}, {"model": "auth.permission", "pk": 13, "fields": {"name": "Can add content type", "content_type": 4, "codename": "add_contenttype"}}, {"model": "auth.permission", "pk": 14, "fields": {"name": "Can change content type", "content_type": 4, "codename": "change_contenttype"}}, {"model": "auth.permission", "pk": 15, "fields": {"name": "Can delete content type", "content_type": 4, "codename": "delete_contenttype"}}, {"model": "auth.permission", "pk": 16, "fields": {"name": "Can view content type", "content_type": 4, "codename": "view_contenttype"}}, {"model": "auth.permission", "pk": 17, "fields": {"name": "Can add session", "content_type": 5, "codename": "add_session"}}, {"model": "auth.permission", "pk": 18, "fields": {"name": "Can change session", "content_type": 5, "codename": "change_session"}}, {"model": "auth.permission", "pk": 19, "fields": {"name": "Can delete session", "content_type": 5, "codename": "delete_session"}}, {"model": "auth.permission", "pk": 20, "fields": {"name": "Can view session", "content_type": 5, "codename": "view_session"}}, {"model": "auth.permission", "pk": 21, "fields": {"name": "Can add user", "content_type": 6, "codename": "add_user"}}, {"model": "auth.permission", "pk": 22, "fields": {"name": "Can change user", "content_type": 6, "codename": "change_user"}}, {"model": "auth.permission", "pk": 23, "fields": {"name": "Can delete user", "content_type": 6, "codename": "delete_user"}}, {"model": "auth.permission", "pk": 24, "fields": {"name": "Can view user", "content_type": 6, "codename": "view_user"}}, {"model": "auth.permission", "pk": 25, "fields": {"name": "Can add fidelityprogram", "content_type": 7, "codename": "add_fidelityprogram"}}, {"model": "auth.permission", "pk": 26, "fields": {"name": "Can change fidelityprogram", "content_type": 7, "codename": "change_fidelityprogram"}}, {"model": "auth.permission", "pk": 27, "fields": {"name": "Can delete fidelityprogram", "content_type": 7, "codename": "delete_fidelityprogram"}}, {"model": "auth.permission", "pk": 28, "fields": {"name": "Can view fidelityprogram", "content_type": 7, "codename": "view_fidelityprogram"}}, {"model": "auth.permission", "pk": 29, "fields": {"name": "Can add product", "content_type": 8, "codename": "add_product"}}, {"model": "auth.permission", "pk": 30, "fields": {"name": "Can change product", "content_type": 8, "codename": "change_product"}}, {"model": "auth.permission", "pk": 31, "fields": {"name": "Can delete product", "content_type": 8, "codename": "delete_product"}}, {"model": "auth.permission", "pk": 32, "fields": {"name": "Can view product", "content_type": 8, "codename": "view_product"}}, {"model": "auth.permission", "pk": 33, "fields": {"name": "Can add shop", "content_type": 9, "codename": "add_shop"}}, {"model": "auth.permission", "pk": 34, "fields": {"name": "Can change shop", "content_type": 9, "codename": "change_shop"}}, {"model": "auth.permission", "pk": 35, "fields": {"name": "Can delete shop", "content_type": 9, "codename": "delete_shop"}}, {"model": "auth.permission", "pk": 36, "fields": {"name": "Can view shop", "content_type": 9, "codename": "view_shop"}}, {"model": "auth.permission", "pk": 37, "fields": {"name": "Can add transaction", "content_type": 10, "codename": "add_transaction"}}, {"model": "auth.permission", "pk": 38, "fields": {"name": "Can change transaction", "content_type": 10, "codename": "change_transaction"}}, {"model": "auth.permission", "pk": 39, "fields": {"name": "Can delete transaction", "content_type": 10, "codename": "delete_transaction"}}, {"model": "auth.permission", "pk": 40, "fields": {"name": "Can view transaction", "content_type": 10, "codename": "view_transaction"}}, {"model": "auth.permission", "pk": 41, "fields": {"name": "Can add catalogue", "content_type": 11, "codename": "add_catalogue"}}, {"model": "auth.permission", "pk": 42, "fields": {"name": "Can change catalogue", "content_type": 11, "codename": "change_catalogue"}}, {"model": "auth.permission", "pk": 43, "fields": {"name": "Can delete catalogue", "content_type": 11, "codename": "delete_catalogue"}}, {"model": "auth.permission", "pk": 44, "fields": {"name": "Can view catalogue", "content_type": 11, "codename": "view_catalogue"}}, {"model": "auth.permission", "pk": 45, "fields": {"name": "Can add Token", "content_type": 12, "codename": "add_token"}}, {"model": "auth.permission", "pk": 46, "fields": {"name": "Can change Token", "content_type": 12, "codename": "change_token"}}, {"model": "auth.permission", "pk": 47, "fields": {"name": "Can delete Token", "content_type": 12, "codename": "delete_token"}}, {"model": "auth.permission", "pk": 48, "fields": {"name": "Can view Token", "content_type": 12, "codename": "view_token"}}, {"model": "auth.permission", "pk": 49, "fields": {"name": "Can add token", "content_type": 13, "codename": "add_tokenproxy"}}, {"model": "auth.permission", "pk": 50, "fields": {"name": "Can change token", "content_type": 13, "codename": "change_tokenproxy"}}, {"model": "auth.permission", "pk": 51, "fields": {"name": "Can delete token", "content_type": 13, "codename": "delete_tokenproxy"}}, {"model": "auth.permission", "pk": 52, "fields": {"name": "Can view token", "content_type": 13, "codename": "view_tokenproxy"}}, {"model": "contenttypes.contenttype", "pk": 1, "fields": {"app_label": "admin", "model": "logentry"}}, {"model": "contenttypes.contenttype", "pk": 2, "fields": {"app_label": "auth", "model": "permission"}}, {"model": "contenttypes.contenttype", "pk": 3, "fields": {"app_label": "auth", "model": "group"}}, {"model": "contenttypes.contenttype", "pk": 4, "fields": {"app_label": "contenttypes", "model": "contenttype"}}, {"model": "contenttypes.contenttype", "pk": 5, "fields": {"app_label": "sessions", "model": "session"}}, {"model": "contenttypes.contenttype", "pk": 6, "fields": {"app_label": "server", "model": "user"}}, {"model": "contenttypes.contenttype", "pk": 7, "fields": {"app_label": "server", "model": "fidelityprogram"}}, {"model": "contenttypes.contenttype", "pk": 8, "fields": {"app_label": "server", "model": "product"}}, {"model": "contenttypes.contenttype", "pk": 9, "fields": {"app_label": "server", "model": "shop"}}, {"model": "contenttypes.contenttype", "pk": 10, "fields": {"app_label": "server", "model": "transaction"}}, {"model": "contenttypes.contenttype", "pk": 11, "fields": {"app_label": "server", "model": "catalogue"}}, {"model": "contenttypes.contenttype", "pk": 12, "fields": {"app_label": "authtoken", "model": "token"}}, {"model": "contenttypes.contenttype", "pk": 13, "fields": {"app_label": "authtoken", "model": "tokenproxy"}}, {"model": "sessions.session", "pk": "1c78wlvc4gkp6twfrllwizax2v0tiszt", "fields": {"session_data": ".eJxVjMsOwiAQRf-FtSEV7FBcuvcbyAwzFXxAUtqV8d9tky50e865960CLnMKS5MpZFZnhfzKRR1-OWF8SNkk37Hcqo61zFMmvSV6t01fK8vzsrd_BwlbWtfkAIDcyQ0YDaInGa3vAPojCHtwdrDEuIJoII5iuO_JeYcyGC8snfp8ARrFOfc:1rDBlC:YDnGbQioNstY9usvFBz5-4jxFN7EQ1YI2CR9_jTeEWo", "expire_date": "2023-12-26T23:01:54.903Z"}}, {"model": "server.user", "pk": "Alberto56", "fields": {"password": "pbkdf2_sha256$260000$82a19368ba17030e01841d696690c823$ilVR1a9SwSrJo3zSR5c7dftJ5Cp37oazS5lGZsLxgZk=", "last_login": null, "is_superuser": false, "first_name": "", "last_name": "", "email": "alberto.verdi@gmail.com", "is_staff": false, "is_active": true, "date_joined": "2023-12-12T23:15:58.277Z", "phone": "+393271234567", "avatar": "users/avatars/default.jpg", "bio": null, "location": null, "groups": [], "user_permissions": []}}, {"model": "server.user", "pk": "Alex85", "fields": {"password": "pbkdf2_sha256$260000$944665fffaf88d31975be63b8d582c1b$q/JtxytWhi86YscRinFX1y7mGCQLYgMxYju/2nI0720=", "last_login": null, "is_superuser": false, "first_name": "", "last_name": "", "email": "alex.giallo@gmail.com", "is_staff": false, "is_active": true, "date_joined": "2023-12-12T23:14:18.618Z", "phone": "+393271234567", "avatar": "users/avatars/default.jpg", "bio": null, "location": null, "groups": [], "user_permissions": []}}, {"model": "server.user", "pk": "Andrea81", "fields": {"password": "pbkdf2_sha256$260000$652055c870f71278a69868384346c32f$0yE7I5lFJo2WRFjntQSSK6QgVR1JsUw0Wh6c+uRAoEk=", "last_login": null, "is_superuser": false, "first_name": "", "last_name": "", "email": "andrea.messina@gmail.com", "is_staff": false, "is_active": true, "date_joined": "2023-12-12T23:16:20.003Z", "phone": "+393271234567", "avatar": "users/avatars/default.jpg", "bio": null, "location": null, "groups": [], "user_permissions": []}}, {"model": "server.user", "pk": "Carlo77", "fields": {"password": "pbkdf2_sha256$260000$3ad14c95f8957b00a67b1a9ebebd0994$lM0HdQez1pb+4Ab1i7TtTcLaVnyfMvL1LMmqDRf4adA=", "last_login": null, "is_superuser": false, "first_name": "", "last_name": "", "email": "carlo.blu@gmail.com", "is_staff": false, "is_active": true, "date_joined": "2023-12-12T23:15:26.447Z", "phone": "+393271234567", "avatar": "users/avatars/default.jpg", "bio": null, "location": null, "groups": [], "user_permissions": []}}, {"model": "server.user", "pk": "Gandalf56", "fields": {"password": "pbkdf2_sha256$260000$d5f7c709eb4bdd84c97718f6866bee34$40lULoBedpW1gPSMZ9gYX2zduZipQOGtuwPgEzPXw9o=", "last_login": null, "is_superuser": false, "first_name": "", "last_name": "", "email": "gandalf.ilsaggio@gmail.com", "is_staff": false, "is_active": true, "date_joined": "2023-12-12T23:17:29.314Z", "phone": "+393271234567", "avatar": "users/avatars/default.jpg", "bio": null, "location": null, "groups": [], "user_permissions": []}}, {"model": "server.user", "pk": "Giacomo99", "fields": {"password": "pbkdf2_sha256$260000$6379c959f998266aedf68c62c875be29$THitzmkYncCs+Hwt5DowQDffYJfXvqhaQWyWAc/5wKc=", "last_login": null, "is_superuser": false, "first_name": "", "last_name": "", "email": "giacomo.sala@gmail.com", "is_staff": false, "is_active": true, "date_joined": "2023-12-12T23:15:06.877Z", "phone": "+393271234567", "avatar": "users/avatars/default.jpg", "bio": null, "location": null, "groups": [], "user_permissions": []}}, {"model": "server.user", "pk": "Gianni93", "fields": {"password": "pbkdf2_sha256$260000$543b2d024364b6130fc8b60d5b59ca30$QB36P3vSzC2F+4igMAy5FWNM39Gx6mfg046P90SgWwI=", "last_login": null, "is_superuser": false, "first_name": "", "last_name": "", "email": "gianni@gmail.com", "is_staff": false, "is_active": true, "date_joined": "2023-12-12T23:12:18.603Z", "phone": "+393271234567", "avatar": "users/avatars/default.jpg", "bio": null, "location": null, "groups": [], "user_permissions": []}}, {"model": "server.user", "pk": "Kirk86", "fields": {"password": "pbkdf2_sha256$260000$c2783250401a5e2df696b514f4bafb93$2q0dxev8hzLRH+gxRzCKldKjRBA2QS75q+3iJqe6IwA=", "last_login": null, "is_superuser": false, "first_name": "", "last_name": "", "email": "capitano.kirk@gmail.com", "is_staff": false, "is_active": true, "date_joined": "2023-12-12T23:18:33.934Z", "phone": "+393271234567", "avatar": "users/avatars/default.jpg", "bio": null, "location": null, "groups": [], "user_permissions": []}}, {"model": "server.user", "pk": "Marco91", "fields": {"password": "pbkdf2_sha256$260000$1468b80c305b1a69fae593a6aed384a7$ANzQ1TKIkoaS/W3NBO+vE/WDau/4kQksrIaJNAKdXGw=", "last_login": null, "is_superuser": false, "first_name": "", "last_name": "", "email": "marco.rossi@gmail.com", "is_staff": false, "is_active": true, "date_joined": "2023-12-12T23:13:52.780Z", "phone": "+393271234567", "avatar": "users/avatars/default.jpg", "bio": null, "location": null, "groups": [], "user_permissions": []}}, {"model": "server.user", "pk": "Momo67", "fields": {"password": "pbkdf2_sha256$260000$8553344bfd1c06b24de9b6b4b73eb575$oNAZpyDyof9kUtwy/EjwXY3GrbrOSSY6pNQoxgQmYyI=", "last_login": null, "is_superuser": false, "first_name": "", "last_name": "", "email": "mohamed.esposito@gmail.com", "is_staff": false, "is_active": true, "date_joined": "2023-12-12T23:17:50.799Z", "phone": "+393271234567", "avatar": "users/avatars/default.jpg", "bio": null, "location": null, "groups": [], "user_permissions": []}}, {"model": "server.user", "pk": "Peppe81", "fields": {"password": "pbkdf2_sha256$260000$8ea361591c1bae8cdab46451fb61e352$MuTW19UwKqTmKcL8O7yqQ75HT0BZBf88FuNZX375vic=", "last_login": null, "is_superuser": false, "first_name": "", "last_name": "", "email": "peppe.colombo@gmail.com", "is_staff": false, "is_active": true, "date_joined": "2023-12-12T23:14:37.887Z", "phone": "+393271234567", "avatar": "users/avatars/default.jpg", "bio": null, "location": null, "groups": [], "user_permissions": []}}, {"model": "server.user", "pk": "Tommy95", "fields": {"password": "pbkdf2_sha256$260000$b2c2c2d57e28ce8a142bf5b6a4852dd4$NsD+JbXFT+fzFnXf+s6wI2ggLL7mHSpJ1Ty9I4oW14U=", "last_login": null, "is_superuser": false, "first_name": "", "last_name": "", "email": "tommaso.caruso@gmail.com", "is_staff": false, "is_active": true, "date_joined": "2023-12-12T23:17:03.088Z", "phone": "+393271234567", "avatar": "users/avatars/default.jpg", "bio": null, "location": null, "groups": [], "user_permissions": []}}, {"model": "server.user", "pk": "Vader67", "fields": {"password": "pbkdf2_sha256$260000$93ba6346871b7387834e204d91a693b5$+5euz3Bv0R9BuPQE7fHDLuD66zdXq7WSNrOOCgqYSZI=", "last_login": null, "is_superuser": false, "first_name": "", "last_name": "", "email": "darth.vader@gmail.com", "is_staff": false, "is_active": true, "date_joined": "2023-12-12T23:18:11.705Z", "phone": "+393271234567", "avatar": "users/avatars/default.jpg", "bio": null, "location": null, "groups": [], "user_permissions": []}}, {"model": "server.user", "pk": "admin", "fields": {"password": "pbkdf2_sha256$600000$E2eUSD5BCIrQaN9RfO1tYA$gY7lYT3jWFswyZPTrxGleqXuMWa7Dpz8G5EqJGcATPI=", "last_login": "2023-12-12T23:01:54.891Z", "is_superuser": true, "first_name": "", "last_name": "", "email": "admin@example.com", "is_staff": true, "is_active": true, "date_joined": "2023-12-12T23:01:26.309Z", "phone": "", "avatar": "users/avatars/default.jpg", "bio": null, "location": null, "groups": [], "user_permissions": []}}, {"model": "server.shop", "pk": "Allegria Pizza House", "fields": {"email": "allegria.pizza@gmail.com", "phone": "+3271234567", "location": "Camerino", "owner": "Carlo77", "employees": ["Alberto56"]}}, {"model": "server.shop", "pk": "La scelta italiana", "fields": {"email": "lasceltaitaliana@gmail.com", "phone": "+3271234567", "location": "Camerino", "owner": "Marco91", "employees": ["Gandalf56", "Kirk86", "Tommy95", "Vader67"]}}, {"model": "server.shop", "pk": "Mondotea", "fields": {"email": "mondotea@gmail.com", "phone": "+3271234567", "location": "Camerino", "owner": "Momo67", "employees": ["Momo67"]}}, {"model": "server.fidelityprogram", "pk": "Tessera Lilli", "fields": {"program_type": "CASHBACK", "description": "Programma cashback", "points_coefficient": 0.5, "prize_coefficient": 0.5, "shop_list": ["Allegria Pizza House"]}}, {"model": "server.fidelityprogram", "pk": "Tessera Vagabondo", "fields": {"program_type": "MEMBERSHIP", "description": "Programma membership", "points_coefficient": 0.5, "prize_coefficient": 0.5, "shop_list": ["Allegria Pizza House"]}}, {"model": "server.fidelityprogram", "pk": "Tessera fedeltà", "fields": {"program_type": "POINTS", "description": "Più compri, più guadagni", "points_coefficient": 0.5, "prize_coefficient": 0.5, "shop_list": ["La scelta italiana"]}}, {"model": "server.catalogue", "pk": 1, "fields": {"points": 0.0, "customer": "Gianni93", "fidelity_program": "Tessera fedeltà"}}, {"model": "server.catalogue", "pk": 2, "fields": {"points": 0.0, "customer": "Gianni93", "fidelity_program": null}}, {"model": "server.catalogue", "pk": 3, "fields": {"points": 0.0, "customer": "Peppe81", "fidelity_program": "Tessera fedeltà"}}, {"model": "server.catalogue", "pk": 4, "fields": {"points": 10.0, "customer": "Giacomo99", "fidelity_program": "Tessera fedeltà"}}, {"model": "server.catalogue", "pk": 5, "fields": {"points": 0.0, "customer": "Gandalf56", "fidelity_program": null}}, {"model": "server.catalogue", "pk": 6, "fields": {"points": 0.0, "customer": "Vader67", "fidelity_program": null}}, {"model": "server.catalogue", "pk": 7, "fields": {"points": 10.0, "customer": "Kirk86", "fidelity_program": null}}, {"model": "server.product", "pk": 1, "fields": {"name": "Pizza margherita", "value": 6.5, "points_coefficient": null, "prize_coefficient": null, "is_persistent": false, "shop": "Allegria Pizza House", "fidelity_program": null, "owning_users": []}}, {"model": "server.product", "pk": 2, "fields": {"name": "Pizza diavola", "value": 8.0, "points_coefficient": null, "prize_coefficient": null, "is_persistent": false, "shop": "Allegria Pizza House", "fidelity_program": null, "owning_users": []}}, {"model": "server.product", "pk": 3, "fields": {"name": "Pizza patanella", "value": 8.5, "points_coefficient": null, "prize_coefficient": null, "is_persistent": false, "shop": "Allegria Pizza House", "fidelity_program": null, "owning_users": []}}, {"model": "server.product", "pk": 4, "fields": {"name": "Pizza ortolana", "value": 9.5, "points_coefficient": null, "prize_coefficient": null, "is_persistent": false, "shop": "Allegria Pizza House", "fidelity_program": null, "owning_users": []}}, {"model": "server.product", "pk": 5, "fields": {"name": "Pizza verace", "value": 11.0, "points_coefficient": null, "prize_coefficient": null, "is_persistent": false, "shop": "Allegria Pizza House", "fidelity_program": null, "owning_users": []}}, {"model": "server.product", "pk": 6, "fields": {"name": "Pizza marinara", "value": 6.0, "points_coefficient": null, "prize_coefficient": null, "is_persistent": false, "shop": "Allegria Pizza House", "fidelity_program": null, "owning_users": []}}, {"model": "server.product", "pk": 7, "fields": {"name": "Tè rosso", "value": 3.0, "points_coefficient": null, "prize_coefficient": null, "is_persistent": false, "shop": "Mondotea", "fidelity_program": null, "owning_users": []}}, {"model": "server.product", "pk": 8, "fields": {"name": "Tè verde", "value": 3.5, "points_coefficient": null, "prize_coefficient": null, "is_persistent": false, "shop": "Mondotea", "fidelity_program": null, "owning_users": []}}, {"model": "server.product", "pk": 9, "fields": {"name": "Tè inglese", "value": 5.0, "points_coefficient": null, "prize_coefficient": null, "is_persistent": false, "shop": "Mondotea", "fidelity_program": null, "owning_users": []}}, {"model": "server.product", "pk": 10, "fields": {"name": "Karak tè", "value": 4.5, "points_coefficient": null, "prize_coefficient": null, "is_persistent": false, "shop": "Mondotea", "fidelity_program": null, "owning_users": []}}, {"model": "server.product", "pk": 11, "fields": {"name": "Caffè in cialde", "value": 7.0, "points_coefficient": null, "prize_coefficient": null, "is_persistent": false, "shop": "Mondotea", "fidelity_program": null, "owning_users": []}}, {"model": "server.product", "pk": 12, "fields": {"name": "Uova", "value": 5.5, "points_coefficient": null, "prize_coefficient": null, "is_persistent": false, "shop": "La scelta italiana", "fidelity_program": null, "owning_users": []}}, {"model": "server.product", "pk": 13, "fields": {"name": "Dentifricio", "value": 3.15, "points_coefficient": null, "prize_coefficient": null, "is_persistent": false, "shop": "La scelta italiana", "fidelity_program": null, "owning_users": []}}, {"model": "server.product", "pk": 14, "fields": {"name": "Acqua gassata", "value": 2.5, "points_coefficient": null, "prize_coefficient": null, "is_persistent": false, "shop": "La scelta italiana", "fidelity_program": null, "owning_users": []}}, {"model": "server.product", "pk": 15, "fields": {"name": "Latte scremato", "value": 5.0, "points_coefficient": null, "prize_coefficient": null, "is_persistent": false, "shop": "La scelta italiana", "fidelity_program": null, "owning_users": []}}, {"model": "server.product", "pk": 16, "fields": {"name": "Carta forno", "value": 3.5, "points_coefficient": null, "prize_coefficient": null, "is_persistent": false, "shop": "La scelta italiana", "fidelity_program": null, "owning_users": []}}, {"model": "server.product", "pk": 17, "fields": {"name": "Cioccolata spalmabile", "value": 4.75, "points_coefficient": null, "prize_coefficient": null, "is_persistent": false, "shop": "La scelta italiana", "fidelity_program": null, "owning_users": []}}, {"model": "server.product", "pk": 18, "fields": {"name": "Tonno in scatola", "value": 3.55, "points_coefficient": null, "prize_coefficient": null, "is_persistent": false, "shop": "La scelta italiana", "fidelity_program": null, "owning_users": []}}, {"model": "server.product", "pk": 19, "fields": {"name": "Zuppa ortolana", "value": 7.7, "points_coefficient": null, "prize_coefficient": null, "is_persistent": false, "shop": "La scelta italiana", "fidelity_program": null, "owning_users": []}}, {"model": "server.product", "pk": 20, "fields": {"name": "Pane azimo", "value": 3.3, "points_coefficient": null, "prize_coefficient": null, "is_persistent": false, "shop": "La scelta italiana", "fidelity_program": null, "owning_users": []}}, {"model": "server.product", "pk": 21, "fields": {"name": "Mozzarella", "value": 6.6, "points_coefficient": null, "prize_coefficient": null, "is_persistent": false, "shop": "La scelta italiana", "fidelity_program": null, "owning_users": []}}, {"model": "server.product", "pk": 22, "fields": {"name": "Weekend omaggio SPA Milano", "value": 0.0, "points_coefficient": 0.0, "prize_coefficient": 0.0, "is_persistent": true, "shop": "La scelta italiana", "fidelity_program": "Tessera fedeltà", "owning_users": ["Alex85", "Gandalf56", "Gianni93", "Kirk86", "Marco91", "Momo67"]}}, {"model": "server.product", "pk": 23, "fields": {"name": "Black Friday", "value": 0.0, "points_coefficient": 0.0, "prize_coefficient": 0.0, "is_persistent": true, "shop": "La scelta italiana", "fidelity_program": "Tessera fedeltà", "owning_users": ["Alex85", "Andrea81", "Gandalf56", "Gianni93", "Momo67", "Tommy95"]}}, {"model": "server.product", "pk": 24, "fields": {"name": "20% di sconto", "value": 0.0, "points_coefficient": 0.2, "prize_coefficient": 0.2, "is_persistent": false, "shop": "La scelta italiana", "fidelity_program": "Tessera fedeltà", "owning_users": []}}, {"model": "server.product", "pk": 25, "fields": {"name": "Pass GOLD \"Il tennis\"", "value": 0.0, "points_coefficient": 0.0, "prize_coefficient": 0.0, "is_persistent": true, "shop": "Allegria Pizza House", "fidelity_program": "Tessera Vagabondo", "owning_users": ["Alex85", "Gandalf56", "Giacomo99", "Gianni93", "Kirk86", "Marco91", "Momo67"]}}, {"model": "server.product", "pk": 26, "fields": {"name": "Pollo arrosto", "value": 5.0, "points_coefficient": 0.3, "prize_coefficient": 0.3, "is_persistent": false, "shop": "La scelta italiana", "fidelity_program": "Tessera fedeltà", "owning_users": []}}, {"model": "server.product", "pk": 27, "fields": {"name": "Pasta integrale", "value": 2.75, "points_coefficient": 0.15, "prize_coefficient": 0.15, "is_persistent": false, "shop": "La scelta italiana", "fidelity_program": "Tessera fedeltà", "owning_users": []}}, {"model": "server.product", "pk": 28, "fields": {"name": "Banane", "value": 3.3, "points_coefficient": 0.4, "prize_coefficient": 0.4, "is_persistent": false, "shop": "La scelta italiana", "fidelity_program": "Tessera fedeltà", "owning_users": []}}, {"model": "server.product", "pk": 29, "fields": {"name": "Pannolini", "value": 11.0, "points_coefficient": 0.6, "prize_coefficient": 0.6, "is_persistent": false, "shop": "La scelta italiana", "fidelity_program": "Tessera fedeltà", "owning_users": []}}, {"model": "server.product", "pk": 30, "fields": {"name": "Detersivo", "value": 7.7, "points_coefficient": 0.2, "prize_coefficient": 0.2, "is_persistent": false, "shop": "La scelta italiana", "fidelity_program": "Tessera fedeltà", "owning_users": []}}, {"model": "server.product", "pk": 31, "fields": {"name": "Pizza alla nutella", "value": 10.0, "points_coefficient": -0.4, "prize_coefficient": -0.4, "is_persistent": false, "shop": "Allegria Pizza House", "fidelity_program": "Tessera Lilli", "owning_users": []}}, {"model": "server.product", "pk": 32, "fields": {"name": "Pizza al pistacchio", "value": 10.0, "points_coefficient": -0.3, "prize_coefficient": -0.3, "is_persistent": false, "shop": "Allegria Pizza House", "fidelity_program": "Tessera Lilli", "owning_users": []}}, {"model": "server.product", "pk": 33, "fields": {"name": "Pizza funghi", "value": 7.8, "points_coefficient": -0.3, "prize_coefficient": -0.3, "is_persistent": false, "shop": "Allegria Pizza House", "fidelity_program": "Tessera Lilli", "owning_users": []}}]